{
  "candidate_id": "E-NH1",
  "architecture": "biocda_predictive_e3",
  "feature": "z_plus_context16",
  "train_source": "no_holdout",
  "eligible_for_noholdout_lock": true,
  "n_folds": 5,
  "per_target_fold_mean_auc": {
    "gdsc_intersect13": 0.5555958836002235,
    "tcga_only3": 0.4492201301266108,
    "dapl": 0.4690073741633288,
    "aacdr_gdsc_intersect": 0.5501483630216489,
    "aacdr_tcga_only": 0.49918154761904765
  },
  "per_target_fold_mean_auprc": {
    "gdsc_intersect13": 0.5935213299305568,
    "tcga_only3": 0.6339131592814241,
    "dapl": 0.5398768013002467,
    "aacdr_gdsc_intersect": 0.5926507376803756,
    "aacdr_tcga_only": 0.6663029683418603
  },
  "per_target_fold_std_auc": {
    "gdsc_intersect13": 0.0367354911962191,
    "tcga_only3": 0.042848965823043254,
    "dapl": 0.025859618304098133,
    "aacdr_gdsc_intersect": 0.03969692554618419,
    "aacdr_tcga_only": 0.022355721425460804
  },
  "gate": {
    "status": "PASS",
    "n_pass": 2,
    "n_pass_required": 2,
    "n_required": 2,
    "n_pass_all": 3,
    "n_targets": 5,
    "gate_required_targets": [
      "aacdr_gdsc_intersect",
      "aacdr_tcga_only"
    ],
    "min_delta": 0.018781547619047656,
    "min_delta_all": -0.10437986987338921,
    "weighted_DrugMacro_AUC": 7.71490202540148,
    "per_target": {
      "aacdr_gdsc_intersect": {
        "fold_mean_DrugMacro_AUC": 0.5501483630216489,
        "gate_auroc": 0.5279,
        "delta": 0.022248363021648898,
        "pass": true,
        "required_for_lock": true
      },
      "aacdr_tcga_only": {
        "fold_mean_DrugMacro_AUC": 0.49918154761904765,
        "gate_auroc": 0.4804,
        "delta": 0.018781547619047656,
        "pass": true,
        "required_for_lock": true
      },
      "dapl": {
        "fold_mean_DrugMacro_AUC": 0.4690073741633288,
        "gate_auroc": 0.5304,
        "delta": -0.061392625836671155,
        "pass": false,
        "required_for_lock": false
      },
      "gdsc_intersect13": {
        "fold_mean_DrugMacro_AUC": 0.5555958836002235,
        "gate_auroc": 0.5197,
        "delta": 0.035895883600223444,
        "pass": true,
        "required_for_lock": false
      },
      "tcga_only3": {
        "fold_mean_DrugMacro_AUC": 0.4492201301266108,
        "gate_auroc": 0.5536,
        "delta": -0.10437986987338921,
        "pass": false,
        "required_for_lock": false
      }
    },
    "note": "Hard PASS requires only gate_required_targets (aacdr_gdsc_intersect, aacdr_tcga_only). Weighted score ranks PASS candidates only; it cannot override NO_LOCK. Non-required targets are reported for diagnostics/ranking soft signals."
  },
  "status": "complete"
}
