{
  "candidate_id": "F3",
  "architecture": "biocda_predictive_e3",
  "feature": "z_plus_context32",
  "n_folds": 5,
  "per_target_fold_mean_auc": {
    "gdsc_intersect13": 0.49987394837552046,
    "tcga_only3": 0.45442020304612596,
    "dapl": 0.4660816121811395,
    "aacdr_gdsc_intersect": 0.5267570738764994,
    "aacdr_tcga_only": 0.47295386904761905
  },
  "per_target_fold_mean_auprc": {
    "gdsc_intersect13": 0.57179873410753,
    "tcga_only3": 0.6377484187525158,
    "dapl": 0.5265801952986348,
    "aacdr_gdsc_intersect": 0.5889674477748408,
    "aacdr_tcga_only": 0.6557535487199548
  },
  "per_target_fold_std_auc": {
    "gdsc_intersect13": 0.042366469864017035,
    "tcga_only3": 0.06265221752421203,
    "dapl": 0.02859307338885608,
    "aacdr_gdsc_intersect": 0.04497865775766667,
    "aacdr_tcga_only": 0.061019531907481196
  },
  "status": "complete"
}
