attention_l1_distance,attention_js_distance,prediction_delta
0.002023266162723303,1.1830628636744223e-06,0.02322087250649929
