attention_l1_distance,attention_js_distance,prediction_delta
0.32175788283348083,0.042808305472135544,0.4226214289665222
