{
  "Z_mean": 0.0683605968952179,
  "Z_std": 0.9792562127113342,
  "Z_norm": 7.790865421295166,
  "C_mean": 0.04706835374236107,
  "C_std": 1.0024441480636597,
  "C_norm": 5.643284320831299,
  "sample_repr_mean": 0.28596168756484985,
  "sample_repr_std": 0.6008703112602234,
  "sample_repr_norm": 6.516956806182861
}
