{
  "Z_mean": -0.002373018302023411,
  "Z_std": 1.0094491243362427,
  "Z_norm": 7.266098499298096,
  "C_mean": 0.03465918451547623,
  "C_std": 0.8389232158660889,
  "C_norm": 4.446639537811279,
  "sample_repr_mean": 0.2873530685901642,
  "sample_repr_std": 0.6046435236930847,
  "sample_repr_norm": 6.552806377410889
}
