attention_l1_distance,attention_js_distance,shuffle_attention_l1_distance,shuffle_attention_js_distance
0.004563449881970882,6.294097147474531e-06,0.003592398017644882,2.9610332603624556e-06
