{
  "created_at": "2026-07-24T15:01:43.964590+00:00",
  "variants": {
    "S0": {
      "17": {
        "exp_dir": "/workspace/DAPL/result/optimization_runs/round25_stage25a/S0_seed17/exp_001",
        "ok": true,
        "source_n": 1128,
        "target_n": 8907,
        "latent_dim": 64,
        "source_variance": 0.0062785193702089865,
        "target_variance": 0.005446234643383867,
        "source_effective_rank": 58.591163044409456,
        "target_effective_rank": 60.645552638741435,
        "source_mean_norm": 0.4969716996195996,
        "target_mean_norm": 0.500142006741736,
        "raw_context_dim": 320,
        "raw_context_variance": 0.002253870678385528,
        "raw_context_effective_rank": 55.629811207727585,
        "pca32_explained_variance_sum": 0.8749542655717453,
        "c32_effective_rank": 29.25479151598212,
        "c32_variance": 0.014609903809208381
      },
      "29": {
        "exp_dir": "/workspace/DAPL/result/optimization_runs/round25_stage25a/S0_seed29/exp_001",
        "ok": true,
        "source_n": 1128,
        "target_n": 8907,
        "latent_dim": 64,
        "source_variance": 0.006216365820888193,
        "target_variance": 0.0054166428929461816,
        "source_effective_rank": 58.69648358641905,
        "target_effective_rank": 60.61285607731738,
        "source_mean_norm": 0.4970607640850412,
        "target_mean_norm": 0.4988540477092818,
        "raw_context_dim": 320,
        "raw_context_variance": 0.0022265400616379456,
        "raw_context_effective_rank": 55.80382798187022,
        "pca32_explained_variance_sum": 0.8674512849654931,
        "c32_effective_rank": 29.231792122861837,
        "c32_variance": 0.014643229597053171
      },
      "43": {
        "exp_dir": "/workspace/DAPL/result/optimization_runs/round25_stage25a/S0_seed43/exp_001",
        "ok": true,
        "source_n": 1128,
        "target_n": 8907,
        "latent_dim": 64,
        "source_variance": 0.006326789456639556,
        "target_variance": 0.005378498356210713,
        "source_effective_rank": 58.55539586002435,
        "target_effective_rank": 60.664802335751475,
        "source_mean_norm": 0.4989015859327049,
        "target_mean_norm": 0.4972962519019695,
        "raw_context_dim": 320,
        "raw_context_variance": 0.002139013999958772,
        "raw_context_effective_rank": 55.47761437130542,
        "pca32_explained_variance_sum": 0.8705859249402704,
        "c32_effective_rank": 29.178507965508437,
        "c32_variance": 0.013707787148668006
      }
    },
    "S1": {
      "17": {
        "exp_dir": "/workspace/DAPL/result/optimization_runs/round25_stage25a/S1_seed17/exp_001",
        "ok": true,
        "source_n": 1128,
        "target_n": 8907,
        "latent_dim": 64,
        "source_variance": 0.006219536893530573,
        "target_variance": 0.005420172628437616,
        "source_effective_rank": 58.55244125922572,
        "target_effective_rank": 60.60343113389496,
        "source_mean_norm": 0.4962669881742613,
        "target_mean_norm": 0.49897254318774376,
        "raw_context_dim": 320,
        "raw_context_variance": 0.0021952930202920533,
        "raw_context_effective_rank": 55.397137545016584,
        "pca32_explained_variance_sum": 0.8640400052644501,
        "c32_effective_rank": 29.16896454921038,
        "c32_variance": 0.013926587420309382
      },
      "29": {
        "exp_dir": "/workspace/DAPL/result/optimization_runs/round25_stage25a/S1_seed29/exp_001",
        "ok": true,
        "source_n": 1128,
        "target_n": 8907,
        "latent_dim": 64,
        "source_variance": 0.0063404927141104605,
        "target_variance": 0.0054154020047667735,
        "source_effective_rank": 58.665355824228804,
        "target_effective_rank": 60.61377537106325,
        "source_mean_norm": 0.5005990397552464,
        "target_mean_norm": 0.49842478421316505,
        "raw_context_dim": 320,
        "raw_context_variance": 0.0021805312603637634,
        "raw_context_effective_rank": 55.96716132876692,
        "pca32_explained_variance_sum": 0.866313232158513,
        "c32_effective_rank": 29.35272935675448,
        "c32_variance": 0.014219508236777922
      },
      "43": {
        "exp_dir": "/workspace/DAPL/result/optimization_runs/round25_stage25a/S1_seed43/exp_001",
        "ok": true,
        "source_n": 1128,
        "target_n": 8907,
        "latent_dim": 64,
        "source_variance": 0.0060997311637449965,
        "target_variance": 0.005392961076962258,
        "source_effective_rank": 58.676605273690626,
        "target_effective_rank": 60.63914005449337,
        "source_mean_norm": 0.49630489139864564,
        "target_mean_norm": 0.49784816009701555,
        "raw_context_dim": 320,
        "raw_context_variance": 0.002174495750318129,
        "raw_context_effective_rank": 55.66521766579279,
        "pca32_explained_variance_sum": 0.8695942583968642,
        "c32_effective_rank": 29.23653602682275,
        "c32_variance": 0.01403578397763908
      }
    },
    "S2": {
      "17": {
        "exp_dir": "/workspace/DAPL/result/optimization_runs/round25_stage25a/S2_seed17/exp_001",
        "ok": true,
        "source_n": 1128,
        "target_n": 8907,
        "latent_dim": 64,
        "source_variance": 0.0061862632870796855,
        "target_variance": 0.005420240969599285,
        "source_effective_rank": 58.48452284575791,
        "target_effective_rank": 60.61677693598879,
        "source_mean_norm": 0.49509099831928277,
        "target_mean_norm": 0.49871272955893997,
        "raw_context_dim": 320,
        "raw_context_variance": 0.002245147382906483,
        "raw_context_effective_rank": 55.64806156829168,
        "pca32_explained_variance_sum": 0.8720342424991518,
        "c32_effective_rank": 29.270587585090027,
        "c32_variance": 0.014806851520678808
      },
      "29": {
        "exp_dir": "/workspace/DAPL/result/optimization_runs/round25_stage25a/S2_seed29/exp_001",
        "ok": true,
        "source_n": 1128,
        "target_n": 8907,
        "latent_dim": 64,
        "source_variance": 0.006357780996056329,
        "target_variance": 0.005431852343356156,
        "source_effective_rank": 58.671097662444,
        "target_effective_rank": 60.59189512653314,
        "source_mean_norm": 0.4999070769031658,
        "target_mean_norm": 0.49910331221242116,
        "raw_context_dim": 320,
        "raw_context_variance": 0.0022358799957410006,
        "raw_context_effective_rank": 55.7194270135079,
        "pca32_explained_variance_sum": 0.8710186463302709,
        "c32_effective_rank": 29.294259367495826,
        "c32_variance": 0.014381539609293063
      },
      "43": {
        "exp_dir": "/workspace/DAPL/result/optimization_runs/round25_stage25a/S2_seed43/exp_001",
        "ok": true,
        "source_n": 1128,
        "target_n": 8907,
        "latent_dim": 64,
        "source_variance": 0.006246959969894199,
        "target_variance": 0.005427707339797937,
        "source_effective_rank": 58.69344151502683,
        "target_effective_rank": 60.59806655069329,
        "source_mean_norm": 0.4979169637871028,
        "target_mean_norm": 0.4990887082520079,
        "raw_context_dim": 320,
        "raw_context_variance": 0.002191657876598738,
        "raw_context_effective_rank": 56.006308978184464,
        "pca32_explained_variance_sum": 0.8739455719184748,
        "c32_effective_rank": 29.229408341614857,
        "c32_variance": 0.013989613418659532
      }
    },
    "S3": {
      "17": {
        "exp_dir": "/workspace/DAPL/result/optimization_runs/round25_stage25a/S3_seed17/exp_001",
        "ok": true,
        "source_n": 1128,
        "target_n": 8907,
        "latent_dim": 64,
        "source_variance": 0.006248425827259882,
        "target_variance": 0.005396613712691598,
        "source_effective_rank": 58.49792533360123,
        "target_effective_rank": 60.62621721686454,
        "source_mean_norm": 0.49687627374656135,
        "target_mean_norm": 0.4979688002311643,