{
  "candidate_id": "F2",
  "architecture": "biocda_predictive_e3",
  "feature": "z_plus_context16",
  "n_folds": 5,
  "per_target_fold_mean_auc": {
    "gdsc_intersect13": 0.5250421631587849,
    "tcga_only3": 0.4533922766080273,
    "dapl": 0.48587839835023205,
    "aacdr_gdsc_intersect": 0.5426520946958916,
    "aacdr_tcga_only": 0.5397916666666667
  },
  "per_target_fold_mean_auprc": {
    "gdsc_intersect13": 0.5773237269911099,
    "tcga_only3": 0.6473357530850732,
    "dapl": 0.5466200369159,
    "aacdr_gdsc_intersect": 0.5858927462649042,
    "aacdr_tcga_only": 0.6824223731327388
  },
  "per_target_fold_std_auc": {
    "gdsc_intersect13": 0.03833047748409027,
    "tcga_only3": 0.07386343969480437,
    "dapl": 0.023550848987856046,
    "aacdr_gdsc_intersect": 0.024447215125842237,
    "aacdr_tcga_only": 0.06695903893962474
  },
  "status": "complete"
}
