{
  "arms": [
    {
      "arm": "Ctrl",
      "architecture": "pooled_mlp__own_plus_summary",
      "feature": "own_plus_summary",
      "reused_from": "reports/round24/stage24a/baseline_summary.json",
      "per_target_fold_mean_auc": {
        "gdsc_intersect13": 0.5297908817120343,
        "tcga_only3": 0.5437467717923009,
        "dapl": 0.5083555188352921,
        "aacdr_gdsc_intersect": 0.5284778596243094,
        "aacdr_tcga_only": 0.4860528273809524
      },
      "per_target_fold_std_auc": {
        "gdsc_intersect13": 0.025428131720271942,
        "tcga_only3": 0.07711409434762918,
        "dapl": 0.02248469183476935,
        "aacdr_gdsc_intersect": 0.05985157586805359,
        "aacdr_tcga_only": 0.06527747383512547
      },
      "gate": {
        "status": "NO_LOCK",
        "n_pass": 2,
        "n_targets": 5,
        "min_delta": -0.029722140375690653,
        "weighted_DrugMacro_AUC": 7.8920165988648225,
        "per_target": {
          "gdsc_intersect13": {
            "fold_mean_DrugMacro_AUC": 0.5297908817120343,
            "gate_auroc": 0.5184,
            "delta": 0.011390881712034284,
            "pass": true
          },
          "tcga_only3": {
            "fold_mean_DrugMacro_AUC": 0.5437467717923009,
            "gate_auroc": 0.5586,
            "delta": -0.014853228207699076,
            "pass": false
          },
          "dapl": {
            "fold_mean_DrugMacro_AUC": 0.5083555188352921,
            "gate_auroc": 0.5356,
            "delta": -0.0272444811647079,
            "pass": false
          },
          "aacdr_gdsc_intersect": {
            "fold_mean_DrugMacro_AUC": 0.5284778596243094,
            "gate_auroc": 0.5582,
            "delta": -0.029722140375690653,
            "pass": false
          },
          "aacdr_tcga_only": {
            "fold_mean_DrugMacro_AUC": 0.4860528273809524,
            "gate_auroc": 0.4394,
            "delta": 0.04665282738095239,
            "pass": true
          }
        },
        "note": "Weighted score is ranking-only after all-target PASS; it cannot override NO_LOCK."
      }
    },
    {
      "arm": "NoHoldout",
      "architecture": "pooled_mlp__own_plus_summary",
      "feature": "own_plus_summary",
      "per_target_fold_mean_auc": {
        "gdsc_intersect13": 0.5696988634861493,
        "tcga_only3": 0.48449733279511786,
        "dapl": 0.48201871852155403,
        "aacdr_gdsc_intersect": 0.5648377832700193,
        "aacdr_tcga_only": 0.49707589285714276
      },
      "per_target_fold_std_auc": {
        "gdsc_intersect13": 0.018389790642692947,
        "tcga_only3": 0.09314080571276726,
        "dapl": 0.02536459370731331,
        "aacdr_gdsc_intersect": 0.014491709307965216,
        "aacdr_tcga_only": 0.05333970816783871
      },
      "gate": {
        "status": "NO_LOCK",
        "n_pass": 3,
        "n_targets": 5,
        "min_delta": -0.07410266720488212,
        "weighted_DrugMacro_AUC": 7.859291263573061,
        "per_target": {
          "gdsc_intersect13": {
            "fold_mean_DrugMacro_AUC": 0.5696988634861493,
            "gate_auroc": 0.5184,
            "delta": 0.051298863486149315,
            "pass": true
          },
          "tcga_only3": {
            "fold_mean_DrugMacro_AUC": 0.48449733279511786,
            "gate_auroc": 0.5586,
            "delta": -0.07410266720488212,
            "pass": false
          },
          "dapl": {
            "fold_mean_DrugMacro_AUC": 0.48201871852155403,
            "gate_auroc": 0.5356,
            "delta": -0.05358128147844593,
            "pass": false
          },
          "aacdr_gdsc_intersect": {
            "fold_mean_DrugMacro_AUC": 0.5648377832700193,
            "gate_auroc": 0.5582,
            "delta": 0.006637783270019293,
            "pass": true
          },
          "aacdr_tcga_only": {
            "fold_mean_DrugMacro_AUC": 0.49707589285714276,
            "gate_auroc": 0.4394,
            "delta": 0.05767589285714275,
            "pass": true
          }
        },
        "note": "Weighted score is ranking-only after all-target PASS; it cannot override NO_LOCK."
      }
    },
    {
      "arm": "AACDR",
      "architecture": "pooled_mlp__own_plus_summary",
      "feature": "own_plus_summary",
      "per_target_fold_mean_auc": {
        "gdsc_intersect13": 0.473527142411005,
        "tcga_only3": 0.4480049133863736,
        "dapl": 0.5371166492612618,
        "aacdr_gdsc_intersect": 0.5062679760946209,
        "aacdr_tcga_only": 0.49390625000000005
      },
      "per_target_fold_std_auc": {
        "gdsc_intersect13": 0.044976563004524926,
        "tcga_only3": 0.051650820510279596,
        "dapl": 0.05473234824566027,
        "aacdr_gdsc_intersect": 0.038745353429821515,
        "aacdr_tcga_only": 0.02549445536100478
      },
      "gate": {
        "status": "NO_LOCK",
        "n_pass": 2,
        "n_targets": 5,
        "min_delta": -0.11059508661362638,
        "weighted_DrugMacro_AUC": 7.277447515573547,
        "per_target": {
          "gdsc_intersect13": {
            "fold_mean_DrugMacro_AUC": 0.473527142411005,
            "gate_auroc": 0.5184,
            "delta": -0.04487285758899495,
            "pass": false
          },
          "tcga_only3": {
            "fold_mean_DrugMacro_AUC": 0.4480049133863736,
            "gate_auroc": 0.5586,
            "delta": -0.11059508661362638,
            "pass": false
          },
          "dapl": {
            "fold_mean_DrugMacro_AUC": 0.5371166492612618,
            "gate_auroc": 0.5356,
            "delta": 0.0015166492612618265,
            "pass": true
          },
          "aacdr_gdsc_intersect": {
            "fold_mean_DrugMacro_AUC": 0.5062679760946209,
            "gate_auroc": 0.5582,
            "delta": -0.0519320239053791,
            "pass": false
          },
          "aacdr_tcga_only": {
            "fold_mean_DrugMacro_AUC": 0.49390625000000005,
            "gate_auroc": 0.4394,
            "delta": 0.054506250000000034,
            "pass": true
          }
        },
        "note": "Weighted score is ranking-only after all-target PASS; it cannot override NO_LOCK."
      }
    }
  ],
  "deltas_vs_ctrl": {
    "NoHoldout": {
      "gdsc_intersect13": 0.03990798177411503,
      "tcga_only3": -0.059249438997183046,
      "dapl": -0.02633680031373803,
      "aacdr_gdsc_intersect": 0.036359923645709946,
      "aacdr_tcga_only": 0.011023065476190363
    },
    "AACDR": {
      "gdsc_intersect13": -0.056263739301029236,
      "tcga_only3": -0.0957418584059273,
      "dapl": 0.028761130425969728,
      "aacdr_gdsc_intersect": -0.022209883529688446,
      "aacdr_tcga_only": 0.007853422619047645
    }
  },
  "any_all_target_pass": false,
  "diagnostic_only": true
}
