model,brier,n
B0_r18_own_plus_summary,0.24692062528604372,886
P0_r23,0.32540690778163567,886
X0_r23,0.27155616428728296,886
