{
  "arm": "NoHoldout",
  "architecture": "pooled_mlp__own_plus_summary",
  "feature": "own_plus_summary",
  "per_target_fold_mean_auc": {
    "gdsc_intersect13": 0.5696988634861493,
    "tcga_only3": 0.48449733279511786,
    "dapl": 0.48201871852155403,
    "aacdr_gdsc_intersect": 0.5648377832700193,
    "aacdr_tcga_only": 0.49707589285714276
  },
  "per_target_fold_std_auc": {
    "gdsc_intersect13": 0.018389790642692947,
    "tcga_only3": 0.09314080571276726,
    "dapl": 0.02536459370731331,
    "aacdr_gdsc_intersect": 0.014491709307965216,
    "aacdr_tcga_only": 0.05333970816783871
  },
  "gate": {
    "status": "PASS",
    "n_pass": 2,
    "n_pass_required": 2,
    "n_required": 2,
    "n_pass_all": 3,
    "n_targets": 5,
    "gate_required_targets": [
      "aacdr_gdsc_intersect",
      "aacdr_tcga_only"
    ],
    "min_delta": 0.01667589285714277,
    "min_delta_all": -0.06910266720488212,
    "weighted_DrugMacro_AUC": 7.882443703110746,
    "per_target": {
      "aacdr_gdsc_intersect": {
        "fold_mean_DrugMacro_AUC": 0.5648377832700193,
        "gate_auroc": 0.5279,
        "delta": 0.036937783270019287,
        "pass": true,
        "required_for_lock": true
      },
      "aacdr_tcga_only": {
        "fold_mean_DrugMacro_AUC": 0.49707589285714276,
        "gate_auroc": 0.4804,
        "delta": 0.01667589285714277,
        "pass": true,
        "required_for_lock": true
      },
      "dapl": {
        "fold_mean_DrugMacro_AUC": 0.48201871852155403,
        "gate_auroc": 0.5304,
        "delta": -0.04838128147844595,
        "pass": false,
        "required_for_lock": false
      },
      "gdsc_intersect13": {
        "fold_mean_DrugMacro_AUC": 0.5696988634861493,
        "gate_auroc": 0.5197,
        "delta": 0.049998863486149236,
        "pass": true,
        "required_for_lock": false
      },
      "tcga_only3": {
        "fold_mean_DrugMacro_AUC": 0.48449733279511786,
        "gate_auroc": 0.5536,
        "delta": -0.06910266720488212,
        "pass": false,
        "required_for_lock": false
      }
    },
    "note": "Hard PASS requires only gate_required_targets (aacdr_gdsc_intersect, aacdr_tcga_only). Weighted score ranks PASS candidates only; it cannot override NO_LOCK. Non-required targets are reported for diagnostics/ranking soft signals."
  },
  "per_target_fold_mean_auprc": {
    "gdsc_intersect13": 0.6120577645727945,
    "tcga_only3": 0.6368095701061607,
    "dapl": 0.5415790060085391,
    "aacdr_gdsc_intersect": 0.618605590530278,
    "aacdr_tcga_only": 0.6531777437398175
  },
  "candidate_id": "E-NH0",
  "train_source": "no_holdout",
  "reused_from": "reports/round24/train_source_ablation/NoHoldout"
}
